{
  "family": "inventario-ms",
  "networkMode": "awsvpc",
  "requiresCompatibilities": [
    "FARGATE"
  ],
  "cpu": "512",
  "memory": "1024",
  "containerDefinitions": [
    {
      "name": "inventario-ms",
      "image": "inventario-ms:latest",
      "portMappings": [
        {
          "containerPort": 8081,
          "hostPort": 8081,
          "protocol": "tcp"
        }
      ],
      "environment": [
        {
          "name": "SPRING_DATASOURCE_URL",
          "value": "jdbc:mysql://arka.xxxxxxxx.us-east-1.rds.amazonaws.com:3306/db"
        },
        {
          "name": "SPRING_DATASOURCE_USERNAME",
          "value": "admin"
        },
        {
          "name": "SPRING_DATASOURCE_PASSWORD",
          "value": "shTyu$8iu"
        }
      ],
      "essential": true
    }
  ]
}